{"recall_at_5": 0.8064516129032258, "mrr": 0.647946767622724}