{"recall_at_5": 0.8717948717948718, "mrr": 0.8012135746997863}